页面编号,模块,页面/状态,设计核对重点,范围说明,Demo直达
P01,投放管理,RTB列表与筛选,区分自身启停与可投放情况；列宽、固定操作、分页、筛选与返回保持。,设计对接样例，业务细节按交接稿标注,https://newt738660.github.io/t1-product-demos/t1-p0-advertiser-platform/versions/v2.1-design/dsp.html?demo=1&review=1&designcase=list
P01,投放管理,筛选无结果,区分未创建和筛选无结果；提供清除条件入口。,设计对接样例，业务细节按交接稿标注,https://newt738660.github.io/t1-product-demos/t1-p0-advertiser-platform/versions/v2.1-design/dsp.html?demo=1&review=1&designcase=list-empty
P01,投放管理,列表多选,勾选数、批量启停确认、取消后数据不变。,设计对接样例，业务细节按交接稿标注,https://newt738660.github.io/t1-product-demos/t1-p0-advertiser-platform/versions/v2.1-design/dsp.html?demo=1&review=1&designcase=selected
P02,投放管理,计划详情与广告组列表,设置与效果数据分区；可回到列表、新建组，层级关系清晰。,设计对接样例，业务细节按交接稿标注,https://newt738660.github.io/t1-product-demos/t1-p0-advertiser-platform/versions/v2.1-design/dsp.html?demo=1&review=1&designcase=plan
P03,投放管理,广告组详情与创意列表,创意优先，组设置展开；审核状态与投放情况分开。,设计对接样例，业务细节按交接稿标注,https://newt738660.github.io/t1-product-demos/t1-p0-advertiser-platform/versions/v2.1-design/dsp.html?demo=1&review=1&designcase=group
P04,创编,创建第1步：计划,固定周期/长期投放，自动/自定义命名，预算；前两步不落库。,设计对接样例，业务细节按交接稿标注,https://newt738660.github.io/t1-product-demos/t1-p0-advertiser-platform/versions/v2.1-design/dsp.html?demo=1&review=1&designcase=new-plan
P04,创编,创建第2步：广告组,继承设置、独立调整、定向、竞价、库存；不能超出计划边界。,设计对接样例，业务细节按交接稿标注,https://newt738660.github.io/t1-product-demos/t1-p0-advertiser-platform/versions/v2.1-design/dsp.html?demo=1&review=1&designcase=new-group
P04,创编,创建第3步：创意,第3步正确高亮；素材、标题、描述、CTA和链接；最终提交措辞。,设计对接样例，业务细节按交接稿标注,https://newt738660.github.io/t1-product-demos/t1-p0-advertiser-platform/versions/v2.1-design/dsp.html?demo=1&review=1&designcase=new-creative
P05,创编,已有计划下新增广告组,上级只读，保存范围只包含本次新增对象。,设计对接样例，业务细节按交接稿标注,https://newt738660.github.io/t1-product-demos/t1-p0-advertiser-platform/versions/v2.1-design/dsp.html?demo=1&review=1&designcase=add-group
P05,创编,已有组下新增创意,保留父级上下文；不能在保存创意时顺带改计划和组。,设计对接样例，业务细节按交接稿标注,https://newt738660.github.io/t1-product-demos/t1-p0-advertiser-platform/versions/v2.1-design/dsp.html?demo=1&review=1&designcase=add-creative
P06,编辑,独立编辑计划,原值回填；保存、取消与下级冲突提示。,设计对接样例，业务细节按交接稿标注,https://newt738660.github.io/t1-product-demos/t1-p0-advertiser-platform/versions/v2.1-design/dsp.html?demo=1&review=1&designcase=edit-plan
P06,编辑,独立编辑广告组,上级只读，预算/日期约束，定向与已选广告位回显。,设计对接样例，业务细节按交接稿标注,https://newt738660.github.io/t1-product-demos/t1-p0-advertiser-platform/versions/v2.1-design/dsp.html?demo=1&review=1&designcase=edit-group
P06,编辑,独立编辑创意,已通过创意变更生成待审版本，原生效内容继续保留。,设计对接样例，业务细节按交接稿标注,https://newt738660.github.io/t1-product-demos/t1-p0-advertiser-platform/versions/v2.1-design/dsp.html?demo=1&review=1&designcase=edit-creative
P07,素材与广告位,指定广告位双栏弹窗,筛选、分页、添加/移除、已选区；关闭不污染原选择。,设计对接样例，业务细节按交接稿标注,https://newt738660.github.io/t1-product-demos/t1-p0-advertiser-platform/versions/v2.1-design/dsp.html?demo=1&review=1&designcase=slots
P08,素材与广告位,上传素材弹窗,选择文件、规格/预览、兼容校验与失败提示；最终规格依赖SSP。,设计对接样例，业务细节按交接稿标注,https://newt738660.github.io/t1-product-demos/t1-p0-advertiser-platform/versions/v2.1-design/dsp.html?demo=1&review=1&designcase=upload
P04,创编,预算错误提示,保留输入，在对应字段附近或明确提示位置指出错误。,设计对接样例，业务细节按交接稿标注,https://newt738660.github.io/t1-product-demos/t1-p0-advertiser-platform/versions/v2.1-design/dsp.html?demo=1&review=1&designcase=validation
P04,创编,未保存离开确认,继续编辑/放弃；不能写成前两步已创建或已保存。,设计对接样例，业务细节按交接稿标注,https://newt738660.github.io/t1-product-demos/t1-p0-advertiser-platform/versions/v2.1-design/dsp.html?demo=1&review=1&designcase=leave
P09,审核与状态,首次审核中,无已通过版本，不显示正在投放；待审不可重复提交。,设计对接样例，业务细节按交接稿标注,https://newt738660.github.io/t1-product-demos/t1-p0-advertiser-platform/versions/v2.1-design/dsp.html?demo=1&review=1&designcase=review
P09,审核与状态,首次驳回与修改重提,展示原因、回填驳回内容；重提后为审核中。,设计对接样例，业务细节按交接稿标注,https://newt738660.github.io/t1-product-demos/t1-p0-advertiser-platform/versions/v2.1-design/dsp.html?demo=1&review=1&designcase=rejected
P10,审核与状态,当前版本与待审版本,两版素材、文案、链接对照；待审不覆盖生效版本。,设计对接样例，业务细节按交接稿标注,https://newt738660.github.io/t1-product-demos/t1-p0-advertiser-platform/versions/v2.1-design/dsp.html?demo=1&review=1&designcase=versions
P11,生命周期,暂停确认,上级停投不改下级自己的开关；取消不产生变化。,设计对接样例，业务细节按交接稿标注,https://newt738660.github.io/t1-product-demos/t1-p0-advertiser-platform/versions/v2.1-design/dsp.html?demo=1&review=1&designcase=pause
P11,生命周期,归档确认,统一归档，不再并列删除；历史数据保留。,设计对接样例，业务细节按交接稿标注,https://newt738660.github.io/t1-product-demos/t1-p0-advertiser-platform/versions/v2.1-design/dsp.html?demo=1&review=1&designcase=archive
P11,生命周期,已归档只读详情,不得编辑/启用/新增下级；列表筛选查回。,设计对接样例，业务细节按交接稿标注,https://newt738660.github.io/t1-product-demos/t1-p0-advertiser-platform/versions/v2.1-design/dsp.html?demo=1&review=1&designcase=archived
P12,数据报表,RTB汇总、趋势与明细,同周期数据一致，CTR/CPC/CPM按汇总重算；展示单位与截止时间。,设计对接样例，业务细节按交接稿标注,https://newt738660.github.io/t1-product-demos/t1-p0-advertiser-platform/versions/v2.1-design/dsp.html?demo=1&review=1&designcase=report
P12,数据报表,CPD报表,保留曝光/点击/CTR；不虚构合同摊销成本。,设计对接样例，业务细节按交接稿标注,https://newt738660.github.io/t1-product-demos/t1-p0-advertiser-platform/versions/v2.1-design/dsp.html?demo=1&review=1&designcase=report-cpd
P13,数据报表,报表无记录,筛选后为空，不能与加载失败或延迟混同。,设计对接样例，业务细节按交接稿标注,https://newt738660.github.io/t1-product-demos/t1-p0-advertiser-platform/versions/v2.1-design/dsp.html?demo=1&review=1&designcase=report-empty
P13,数据报表,数据延迟,保留已有数据并提示范围，不把缺失填0。,设计对接样例，业务细节按交接稿标注,https://newt738660.github.io/t1-product-demos/t1-p0-advertiser-platform/versions/v2.1-design/dsp.html?demo=1&review=1&designcase=report-delay
P13,数据报表,归档历史纳入统计,明细与导出同口径，归档不让历史汇总减少。,设计对接样例，业务细节按交接稿标注,https://newt738660.github.io/t1-product-demos/t1-p0-advertiser-platform/versions/v2.1-design/dsp.html?demo=1&review=1&designcase=report-archive
P13,数据报表,报表加载中（展示样例）,设计骨架/加载反馈，不能先显示0；本场景不模拟真实网络。,设计对接样例，业务细节按交接稿标注,https://newt738660.github.io/t1-product-demos/t1-p0-advertiser-platform/versions/v2.1-design/dsp.html?demo=1&review=1&designcase=report-loading
P13,数据报表,查询失败与重试（展示样例）,保留筛选，明确失败与重试；重试回正常Mock。,设计对接样例，业务细节按交接稿标注,https://newt738660.github.io/t1-product-demos/t1-p0-advertiser-platform/versions/v2.1-design/dsp.html?demo=1&review=1&designcase=report-error
P14,范围待确认,多维下钻与时间粒度,后续原型已有组/创意/广告位/地区及自定义日期，超出9/17 PRD；保留用于讨论，不默认新增研发承诺。,讨论项，需确认范围,https://newt738660.github.io/t1-product-demos/t1-p0-advertiser-platform/versions/v2.1-design/dsp.html?demo=1&review=1&designcase=report-extended
